,Home_Win
0,1
1,0
2,0
3,1
4,1
5,0
6,1
7,0
8,1
9,1
10,0
11,1
12,0
13,0
15,1
16,0
17,1
18,1
19,0
20,1
21,0
22,1
23,0
24,1
25,1
26,0
27,0
28,0
29,1
30,1
31,1
32,0
33,1
34,1
35,1
36,0
37,0
38,1
39,1
40,0
41,1
42,0
43,1
44,1
45,0
46,1
47,1
48,1
49,1
50,1
51,0
52,1
53,1
54,1
55,1
57,1
58,0
59,0
60,0
61,1
62,0
63,1
64,0
65,0
66,1
67,0
68,0
69,1
70,1
71,0
72,1
73,0
74,1
75,1
76,0
77,1
78,1
79,0
81,1
82,1
83,1
84,1
85,1
86,0
87,0
88,1
89,1
90,0
91,1
92,1
93,0
94,1
95,1
96,0
97,0
98,1
99,1
100,1
101,1
102,1
103,0
104,1
105,1
106,0
107,0
108,1
109,0
110,1
111,1
112,0
113,0
114,1
115,1
116,1
117,0
118,0
119,0
120,1
121,0
122,1
123,0
124,1
125,1
126,1
127,0
128,0
129,1
130,1
131,0
133,1
134,0
135,1
136,0
137,1
138,1
139,0
140,1
141,1
142,1
143,1
144,1
145,0
146,1
147,1
148,0
149,0
150,1
151,0
152,0
153,1
154,1
155,1
156,1
157,0
158,1
159,1
160,1
161,1
162,1
163,0
164,1
165,0
166,1
167,1
168,1
169,1
170,1
171,0
172,0
173,0
174,0
175,1
176,0
177,1
178,1
179,0
180,0
181,1
182,0
183,0
185,1
186,1
187,1
188,1
189,1
190,1
191,1
192,1
193,0
194,1
195,1
196,1
198,1
199,0
200,1
201,1
202,0
203,0
204,0
205,1
206,0
207,0
208,1
209,1
210,0
211,1
212,1
213,1
214,1
215,0
216,1
217,1
218,0
219,0
220,0
221,1
222,1
223,1
224,1
225,0
226,1
227,1
228,1
229,1
230,1
231,0
232,1
233,0
234,0
235,0
236,0
238,1
239,1
240,1
241,0
242,0
243,1
244,0
245,1
246,1
247,0
248,0
249,1
250,1
251,0
252,1
253,1
254,1
255,0
256,1
257,1
258,0
259,0
260,1
261,1
262,1
263,1
264,0
265,1
266,1
267,1
268,1
269,0
270,0
271,0
272,0
273,0
274,1
275,0
276,1
277,0
278,1
279,0
280,1
281,1
282,0
283,1
284,1
285,1
286,0
287,1
288,0
289,1
290,0
291,1
293,1
294,0
295,1
296,1
297,0
298,1
299,1
300,1
301,1
302,0
303,1
304,1
305,0
306,0
307,1
308,0
309,0
310,1
311,1
312,1
313,0
314,1
315,0
316,1
317,1
318,0
319,1
320,1
321,0
322,0
323,1
324,1
325,0
326,0
327,1
328,1
329,0
330,1
331,1
332,1
333,1
334,0
336,0
337,0
338,1
339,1
340,0
341,0
342,1
343,1
344,0
345,0
346,1
347,1
348,1
349,1
350,0
351,0
352,0
353,1
354,0
355,1
356,0
357,1
358,0
359,1
360,0
361,1
362,1
363,1
364,1
365,1
366,0
367,1
368,1
369,1
370,0
371,0
372,1
373,1
374,0
375,1
376,1
377,1
378,1
379,1
380,1
381,0
382,1
383,1
384,0
385,0
386,1
387,0
388,1
389,1
390,1
391,1
392,0
393,0
394,1
395,0
396,0
397,0
398,0
399,0
400,0
401,1
402,1
403,1
404,0
405,1
406,0
407,1
408,1
409,0
410,1
411,0
412,1
413,0
414,1
415,0
416,0
417,1
418,0
419,1
420,0
421,1
422,0
423,0
424,0
425,1
426,0
427,1
428,1
429,0
430,1
431,0
432,1
433,0
434,0
435,1
436,1
437,0
438,0
439,1
440,1
441,1
442,1
443,1
444,0
445,0
447,1
448,1
449,1
450,1
451,0
452,1
453,1
454,1
455,1
456,0
457,0
458,0
459,1
460,1
461,1
462,0
463,0
464,1
465,0
466,1
467,1
468,0
470,0
471,1
472,1
473,1
474,0
475,0
476,1
477,1
478,0
479,1
480,1
481,1
482,0
483,1
484,1
485,1
486,1
487,0
488,1
489,1
490,0
491,0
492,1
493,0
494,1
495,1
496,0
497,0
498,1
499,1
500,1
501,0
502,0
504,1
505,0
506,1
507,0
508,1
509,1
510,1
511,1
512,0
513,1
514,0
515,1
516,0
517,0
518,1
520,1
521,1
522,0
523,1
524,1
525,0
526,1
527,1
528,0
529,1
530,0
531,1
532,0
533,1
534,1
535,0
536,1
537,0
538,0
539,1
540,0
541,1
542,0
543,1
544,1
545,1
546,1
547,0
548,1
549,1
551,0
552,1
553,0
554,1
555,0
556,1
557,1
558,1
559,1
560,1
561,0
562,1
563,0
564,1
565,0
566,1
567,0
568,1
569,0
570,1
571,0
572,1
573,1
574,0
576,1
577,1
578,0
579,1
580,1
581,1
582,1
583,1
584,0
585,1
586,1
587,0
588,0
589,1
590,1
592,1
593,0
594,0
595,1
596,0
597,1
598,0
599,1
600,1
601,0
602,1
603,1
604,1
605,1
606,0
607,1
608,1
609,0
610,0
611,1
612,1
613,1
614,1
615,1
616,0
617,1
618,1
619,1
620,1
621,1
622,0
623,0
624,0
625,0
626,1
627,1
628,1
629,1
630,0
631,0
632,1
633,1
634,1
635,0
636,1
637,0
639,1
640,1
641,1
642,1
643,1
644,0
645,1
646,1
647,0
648,1
649,1
650,1
651,0
652,0
653,1
654,0
655,1
656,0
657,1
658,0
659,0
660,0
661,1
662,1
663,0
664,0
665,1
666,1
667,1
668,1
669,0
670,1
671,0
672,1
673,0
674,1
675,0
676,0
677,1
678,0
679,1
680,1
681,0
682,1
683,0
684,1
685,1
686,1
687,0
688,0
689,1
690,1
691,0
692,1
693,1
694,1
695,0
696,1
697,0
698,1
699,1
700,1
701,0
702,1
703,1
704,1
705,0
706,0
707,0
709,1
710,1
711,1
712,1
713,1
714,1
715,1
716,1
717,0
718,1
719,0
720,1
721,1
722,1
723,1
724,1
725,0
726,1
727,1
728,1
729,0
730,1
731,0
732,1
733,0
734,0
735,0
736,1
737,1
738,0
739,1
740,1
741,1
742,0
743,1
744,1
746,1
747,0
748,1
749,1
750,0
752,0
753,1
754,0
755,1
756,1
757,1
758,1
759,1
760,1
761,0
762,1
763,1
764,0
765,0
766,1
767,1
768,1
769,0
770,1
771,1
772,0
773,0
774,0
775,1
776,1
777,1
778,1
779,0
780,1
781,0
782,0
783,1
784,0
785,0
786,1
787,1
788,1
789,1
790,1
791,1
792,0
793,0
794,0
795,1
796,1
797,0
798,1
799,0
800,1
802,1
803,0
804,1
805,0
806,0
807,1
808,0
809,0
810,0
811,1
812,1
813,1
814,1
815,0
817,0
818,0
819,1
820,1
821,1
822,0
823,1
824,1
826,0
827,1
828,0
829,1
830,1
831,0
832,0
833,1
834,0
835,1
836,1
837,1
838,1
839,1
840,1
841,1
842,0
843,1
844,0
845,1
846,0
847,1
848,1
849,0
850,0
851,1
852,1
853,0
854,1
855,1
856,1
857,1
858,1
859,1
860,0
861,1
862,1
863,0
864,1
865,0
866,1
867,1
868,0
869,0
870,1
871,1
872,1
873,0
874,0
875,0
876,1
877,1
878,1
879,1
880,1
881,0
882,0
883,1
884,1
885,0
886,1
887,0
888,0
889,1
890,1
891,0
892,1
893,0
894,0
895,1
896,0
897,0
898,1
899,1
900,1
901,1
902,1
903,0
904,1
905,1
906,1
907,1
908,0
909,1
910,0
911,1
912,1
913,1
914,0
915,0
916,0
917,0
918,0
919,1
920,0
921,1
922,1
923,0
924,0
925,1
926,1
927,1
928,0
929,1
930,1
931,1
932,1
933,0
934,1
935,0
936,1
937,1
938,1
939,0
940,1
941,1
942,1
943,0
944,1
945,0
946,1
947,0
948,1
949,1
950,0
951,0
952,1
954,0
955,1
956,0
957,1
958,1
959,0
960,1
961,0
962,1
963,1
964,1
965,1
966,1
967,1
968,0
969,1
970,0
971,1
972,1
973,0
974,1
975,1
976,1
977,0
978,1
979,1
980,1
981,1
982,1
983,1
984,1
985,1
986,0
987,1
988,1
989,0
990,1
991,1
992,0
993,1
994,1
995,1
996,1
997,1
998,0
999,1
1000,0
1001,1
1002,0
1003,0
1004,1
1005,1
1006,0
1007,1
1008,0
1009,1
1010,1
1011,1
1012,1
1013,1
1014,0
1015,1
1016,1
1017,0
1018,1
1019,1
1020,1
1022,1
1023,1
1024,1
1026,0
1027,1
1028,1
1029,1
1030,1
1031,1
1032,1
1033,1
1034,0
1035,1
1036,1
1037,1
1038,1
1039,1
1040,0
1041,0
1042,1
1043,1
1044,0
1045,1
1046,1
1048,1
1049,1
1050,1
1051,1
1052,0
1053,1
1054,1
1055,1
1056,0
1057,1
1058,1
1059,0
1060,0
1061,1
1062,0
1063,1
1064,1
1065,0
1066,1
1067,0
1068,1
1069,1
1070,1
1071,1
1072,1
1073,1
1075,1
1076,1
1077,0
1078,1
1079,1
1080,0
1081,1
1082,0
1083,1
1084,1
1085,1
1086,0
1087,1
1088,1
1089,0
1090,1
1091,0
1092,1
1093,0
1094,0
1095,1
1096,1
1097,0
1098,1
1099,1
1100,1
1101,1
1102,0
1103,0
1104,1
1105,1
1106,0
1107,0
1108,1
1109,1
1110,1
1111,1
1112,1
1113,0
1114,0
1115,1
1116,1
1117,0
1118,1
1119,1
1120,0
1121,0
1122,1
1123,1
1124,1
1125,1
1126,1
1127,0
1128,1
1129,0
1130,1
1131,1
1132,0
1133,1
1134,1
1135,1
1137,1
1138,1
1139,1
1140,1
1141,0
1142,0
1143,1
1144,1
1145,0
1146,1
1147,0
1148,1
1149,0
1150,0
1151,1
1152,1
1153,1
1154,0
1155,1
1156,1
1157,0
1158,1
1159,0
1160,1
1161,0
1162,1
1163,1
1164,1
1165,0
1166,1
1167,0
1168,1
1169,1
1170,1
1171,1
1172,1
1173,0
1174,1
1175,0
1176,1
1177,0
1178,1
1180,1
1181,1
1183,1
1184,0
1185,0
1186,1
1187,1
1188,1
1189,0
1190,1
1191,1
1192,1
1193,1
1194,1
1195,1
1196,1
1197,0
1198,1
1199,1
1200,1
1201,1
1202,1
1203,1
1204,1
1205,0
1206,1
1207,1
1208,0
1209,0
1210,0
1211,1
1212,0
1213,1
1214,1
1215,1
1216,1
1217,0
1218,0
1219,1
1220,1
1221,1
1222,1
1223,1
1224,1
1225,1
1226,0
1227,1
1228,1
1229,1
1230,0
1231,0
1232,1
1233,0
1234,1
1235,1
1236,1
1237,1
1238,1
1239,1
1240,1
1242,1
1243,1
1244,0
1245,0
1246,0
1247,0
1248,1
1249,0
1250,1
1251,0
1252,0
1253,0
1254,1
1255,0
1256,0
1257,1
1258,0
1259,1
1260,0
1261,0
1262,1
1263,1
1264,1
1265,0
1266,1
1267,0
1268,0
1269,0
1270,1
1271,0
1272,0
1273,0
1274,1
1275,1
1276,1
1277,0
1278,1
1279,0
1280,1
1281,1
1282,0
1283,1
1284,1
1285,1
1286,1
1287,1
1288,1
1289,0
1290,1
1291,1
1292,1
1293,1
1294,1
1295,0
1296,1
1297,0
1298,1
1299,1
1300,1
1301,1
1302,0
1303,1
1304,0
1305,1
1307,0
1308,1
1309,1
1310,1
1311,1
1312,1
1313,0
1314,0
1315,0
1316,1
1317,0
1318,1
1319,0
1320,1
1321,0
1322,1
1323,0
1324,1
1325,0
1326,1
1327,1
1328,0
1329,0
1330,0
1331,0
1332,1
1333,1
1334,1
1335,1
1336,0
1337,1
1339,1
1340,1
1341,0
1342,0
1343,1
1344,1
1345,0
1346,1
1347,0
1348,1
1349,1
1351,1
1352,0
1353,1
1354,1
1355,0
1356,1
1357,1
1358,1
1359,0
1360,1
1361,0
1362,1
1363,0
1364,1
1365,1
1366,0
1367,1
1368,1
1369,1
1370,0
1371,1
1372,0
1373,1
1374,0
1375,1
1376,1
1377,0
1378,1
1379,0
1380,1
1381,1
1382,1
1383,0
1384,1
1385,1
1386,1
1387,1
1388,0
1389,1
1390,1
1391,0
1392,1
1393,1
1394,0
1395,1
1396,1
1398,0
1399,1
1400,1
1401,1
1402,0
1403,1
1404,1
1405,1
1406,0
1407,0
1408,1
1409,0
1410,0
1411,1
1412,1
1413,1
1414,1
1415,1
1416,1
1417,1
1418,1
1419,1
1420,1
1421,0
1422,0
1423,0
1424,1
1425,0
1426,0
1427,1
1428,0
1429,1
1430,1
1431,1
1432,0
1433,0
1434,0
1435,1
1436,1
1437,1
1438,0
1439,0
1440,1
1441,1
1442,1
1443,1
1444,1
1445,1
1446,1
1447,1
1448,1
1449,1
1450,0
1451,1
1452,0
1453,1
1454,0
1455,1
1456,1
1457,1
1458,1
1460,0
1461,1
1462,0
1463,1
1466,1
1467,0
1468,1
1469,1
1470,1
1471,0
1472,1
1473,1
1474,0
1475,1
1476,0
1477,1
1478,1
1479,0
1481,0
1482,1
1483,1
1484,1
1485,1
1486,1
1487,1
1488,1
1489,1
1490,1
1491,0
1492,1
1493,0
1494,1
1495,1
1496,1
1497,0
1498,1
1500,0
1501,1
1502,1
1503,1
1506,0
1507,1
1508,1
1509,1
1510,0
1511,0
1512,1
1513,0
1514,1
1515,1
1516,1
1517,1
1518,1
1519,0
1520,1
1521,0
1522,1
1523,1
1524,1
1525,0
1526,1
1527,0
1528,0
1529,1
1530,1
1531,1
1532,1
1533,1
1534,1
1535,1
1536,1
1537,1
1538,1
1539,1
1540,1
1541,1
1542,1
1543,1
1544,0
1545,1
1546,0
1547,1
1548,1
1549,0
1550,1
1551,1
1552,0
1553,1
1554,1
1555,0
1556,1
1557,1
1558,0
1559,0
1560,1
1561,0
1562,1
1563,1
1564,1
1565,0
1566,1
1567,0
1568,0
1569,1
1570,1
1572,1
1573,0
1574,0
1575,1
1576,0
1577,0
1578,1
1579,1
1580,1
1581,0
1582,0
1583,0
1584,0
1585,1
1586,0
1587,0
1588,1
1589,0
1590,1
1591,0
1592,0
1593,1
1594,0
1595,1
1596,1
1597,1
1598,1
1599,1
1600,0
1601,1
1602,1
1603,1
1604,1
1605,1
1606,0
1607,1
1608,0
1609,0
1610,1
1611,1
1612,0
1613,1
1614,0
1615,0
1616,1
1617,1
1618,0
1619,1
1620,1
1621,1
1622,0
1623,0
1624,0
1625,1
1626,0
1627,1
1628,0
1629,1
1630,1
1631,1
1632,1
1633,0
1634,1
1635,0
1636,1
1638,1
1639,1
1640,1
1641,1
1642,0
1643,1
1644,1
1645,1
1646,0
1647,1
1648,0
1649,1
1650,1
1651,1
1652,0
1653,0
1654,1
1655,1
1656,0
1657,0
1658,1
1659,0
1660,1
1661,0
1662,1
1663,1
1664,1
1665,1
1666,0
1667,1
1668,1
1669,1
1670,0
1671,1
1672,1
1673,0
1674,1
1675,0
1676,0
1677,1
1678,1
1679,1
1680,0
1681,0
1682,1
1683,0
1684,1
1685,1
1686,1
1687,1
1688,1
1689,0
1690,0
1691,1
1692,0
1693,1
1694,1
1695,1
1696,1
1698,1
1699,0
1700,1
1701,1
1702,0
1703,1
1704,1
1705,1
1706,1
1707,1
1708,1
1709,1
1710,1
1711,0
1713,1
1714,0
1715,1
1716,0
1717,0
1718,1
1719,1
1720,1
1721,0
1722,0
1723,0
1724,1
1725,1
1726,1
1727,1
1728,0
1730,1
1732,1
1733,1
1734,1
1735,0
1736,1
1737,1
1738,0
1739,1
1740,0
1741,1
1742,1
1743,1
1744,1
1745,1
1746,1
1747,1
1748,1
1749,1
1751,1
1752,0
1753,1
1754,1
1755,1
1756,1
1757,1
1758,0
1759,1
1761,1
1762,1
1763,1
1764,1
1765,1
1766,1
1767,1
1768,1
1769,1
1770,1
1771,1
1772,0
1773,0
1774,0
1775,1
1776,0
1777,0
1778,1
1780,1
1781,1
1782,1
1783,0
1784,0
1785,0
1786,1
1787,1
1788,1
1789,1
1790,1
1791,1
1792,1
1793,0
1794,1
1796,0
1797,1
1798,0
1799,1
1800,0
1801,1
1802,1
1803,1
1804,1
1805,0
1806,0
1807,0
1808,1
1809,0
1810,0
1811,1
1812,1
1813,1
1814,0
1815,1
1816,1
1817,1
1818,0
1819,1
1820,1
1821,0
1823,0
1824,1
1825,0
1826,1
1827,1
1828,0
1829,1
1830,0
1831,1
1832,1
1833,0
1834,1
1835,1
1836,1
1837,1
1838,0
1839,1
1840,1
1841,0
1842,1
1843,0
1844,1
1845,1
1846,0
1847,1
1848,0
1849,1
1850,1
1851,1
1852,1
1853,1
1854,1
1855,0
1856,1
1858,1
1859,1
1860,1
1861,1
1862,0
1863,0
1864,1
1865,1
1866,1
1867,1
1868,0
1869,1
1870,1
1871,1
1873,0
1874,1
1875,1
1876,1
1877,1
1878,1
1879,1
1880,0
1881,0
1882,0
1883,1
1884,1
1885,1
1886,0
1887,1
1888,0
1889,1
1890,1
1891,0
1892,0
1893,1
1894,1
1895,1
1896,0
1897,1
1898,1
1899,1
1900,1
1901,0
1902,1
1903,1
1904,0
1905,1
1906,0
1909,1
1910,1
1911,1
1912,0
1913,0
1914,1
1915,0
1916,1
1917,0
1918,0
1919,1
1920,1
1921,1
1922,0
1923,1
1924,1
1925,0
1926,1
1927,1
1928,1
1929,0
1930,1
1931,1
1932,0
1933,0
1934,1
1935,0
1936,1
1937,0
1938,1
1939,1
1940,1
1941,1
1942,1
1943,1
1944,1
1945,1
1946,1
1947,1
1948,1
1949,0
1950,1
1952,1
1953,0
1954,1
1955,1
1956,0
1957,0
1958,1
1959,1
1960,0
1961,0
1962,1
1964,1
1965,1
1966,1
1967,0
1968,1
1969,1
1970,1
1971,0
1972,1
1973,0
1974,1
1975,0
1976,0
1977,1
1978,1
1979,0
1980,0
1981,1
1982,1
1983,1
1984,0
1985,0
1986,1
1987,1
1988,1
1989,0
1990,1
1991,1
1992,1
1993,0
1994,1
1995,1
1996,0
1997,0
1998,1
1999,0
2000,1
2001,0
2002,0
2003,1
2004,0
2005,1
2006,1
2007,1
2008,1
2009,0
2010,0
2011,1
2012,1
2013,1
2014,1
2015,0
2016,1
2017,0
2018,0
2019,0
2020,1
2021,1
2022,1
2023,0
2024,0
2025,1
2026,1
2027,1
2028,1
2029,1
2030,1
2031,0
2032,1
2033,0
2034,1
2035,1
2036,0
2037,0
2038,1
2039,0
2040,0
2041,1
2042,1
2043,1
2044,1
2045,1
2046,1
2047,0
2048,1
2049,0
2050,1
2051,0
2052,0
2053,0
2054,0
2056,0
2057,1
2058,1
2059,1
2060,1
2061,0
2062,1
2063,0
2064,1
2065,0
2066,0
2067,0
2068,1
2069,0
2070,1
2071,1
2072,1
2073,1
2074,0
2075,1
2076,1
2077,1
2078,0
2079,1
2080,0
2081,0
2082,1
2083,1
2084,0
2085,1
2086,1
2087,1
2088,0
2089,1
2090,0
2091,0
2092,1
2093,0
2094,1
2095,0
2096,1
2097,0
2098,1
2099,1
2100,1
2101,0
2102,0
2103,1
2104,0
2105,1
2106,1
2107,0
2108,1
2109,1
2110,1
2111,1
2112,0
2114,1
2115,1
2116,1
2117,1
2118,0
2119,1
2120,1
2121,1
2122,0
2123,1
2124,0
2125,1
2126,1
2127,1
2128,0
2129,1
2130,0
2131,1
2132,0
2133,0
2134,1
2135,0
2137,0
2138,0
2139,1
2140,0
2141,1
2142,1
2143,1
2144,1
2145,1
2146,0
2147,1
2148,1
2149,1
2150,0
2151,1
2152,1
2153,0
2154,0
2155,1
2156,1
2157,1
2158,1
2159,0
2160,1
2161,1
2162,1
2163,0
2164,1
2165,0
2166,0
2167,1
2168,1
2169,0
2170,0
2171,1
2172,1
2173,0
2174,1
2175,1
2176,1
2177,1
2178,0
2179,1
2180,0
2181,1
2182,0
2183,1
2184,1
2185,1
2186,0
2187,0
2188,1
2189,1
2190,1
2191,1
2192,0
2193,1
2194,0
2195,0
2196,0
2197,1
2198,0
2199,1
2200,1
2201,0
2202,0
2204,1
2205,0
2206,0
2207,0
2208,1
2209,1
2210,0
2211,1
2212,1
2213,0
2214,0
2215,1
2216,1
2217,1
2218,1
2219,1
2220,0
2221,1
2222,0
2223,1
2224,0
2225,1
2226,1
2227,1
2228,0
2229,0
2230,1
2231,1
2232,1
2233,1
2234,1
2235,0
2236,1
2237,1
2238,1
2239,1
2240,1
2241,1
2242,1
2243,1
2244,1
2245,0
2246,1
2247,1
2248,0
2249,0
2250,0
2251,1
2252,1
2253,1
2254,1
2255,0
2256,0
2257,1
2258,1
2259,1
2260,1
2261,1
2262,1
2263,0
2264,1
2265,0
2266,1
2267,0
2268,1
2269,1
2270,0
2271,1
2272,0
2273,0
2274,1
2277,1
2278,0
2279,0
2280,1
2281,0
2282,1
2283,1
2284,1
2285,1
2286,0
2287,1
2288,0
2289,0
2290,1
2291,0
2292,1
2293,0
2294,0
2295,0
2296,1
2297,0
2298,1
2299,0
2300,0
2301,1
2302,0
2303,0
2304,1
2305,0
2306,1
2307,1
2308,0
2309,1
2310,0
2311,1
2312,1
2313,1
2314,0
2315,1
2316,0
2317,0
2318,0
2319,1
2320,1
2321,1
2322,1
2323,1
2324,1
2325,1
2326,1
2327,1
2329,1
2330,0
2331,1
2332,1
2333,1
2334,0
2335,1
2336,1
2337,1
2338,0
2339,1
2340,0
2341,0
2342,1
2343,1
2344,0
2345,0
2346,0
2347,0
2348,1
2349,1
2350,1
2351,1
2352,1
2353,1
2354,1
2355,1
2356,0
2357,1
2358,1
2359,0
2360,0
2361,0
2362,0
2363,1
2364,1
2365,0
2366,0
2367,1
2368,0
2369,1
2370,1
2371,0
2372,1
2373,1
2374,1
2375,0
2376,1
2377,1
2378,1
2379,1
2380,1
2381,1
2382,1
2383,0
2384,1
2385,0
2386,1
2387,0
2388,0
2389,0
2390,1
2391,1
2392,1
2393,1
2394,1
2395,1
2396,1
2397,0
2398,1
2399,1
2400,0
2401,1
2402,1
2403,0
2404,1
2405,1
2406,1
2407,0
2408,1
2409,1
2410,1
2411,0
2412,1
2413,1
2415,1
2416,1
2417,0
2418,0
2419,0
2420,0
2421,0
2422,1
2423,1
2424,1
2425,1
2426,0
2427,1
2428,0
2429,0
2430,1
2431,0
2432,0
2433,0
2434,0
2435,1
2436,0
2437,1
2438,1
2439,0
2440,1
2441,1
2442,0
2443,0
2444,1
2445,1
2446,1
2447,1
2448,0
2449,1
2450,0
2451,0
2452,1
2453,1
2454,0
2455,1
2456,1
2457,0
2458,1
2459,0
2460,1
2461,0
2462,0
2463,1
2464,1
2465,0
2466,1
2467,1
2468,1
2469,0
2470,0
2471,1
2472,0
2473,0
2474,1
2475,1
2477,1
2478,1
2479,1
2480,0
2481,1
2482,0
2483,1
2484,0
2485,1
2486,1
2487,1
2488,1
2489,0
2490,0
2491,1
2492,1
2493,0
2494,0
2495,0
2496,1
2497,1
2498,0
2499,1
2500,1
2501,1
2502,1
2503,0
2504,1
2505,1
2506,1
2507,1
2508,0
2509,1
2510,1
2511,1
2512,1
2513,1
2514,0
2516,0
2517,0
2518,1
2519,1
2520,0
2521,0
2522,1
2523,1
2524,0
2525,1
2526,1
2527,1
2528,1
2529,1
2531,1
2532,1
2533,1
2534,1
2536,1
2537,1
2538,0
2539,1
2540,0
2541,1
2542,1
2543,0
2544,0
2545,1
2546,0
2548,1
2549,1
2550,0
2551,1
2552,1
2553,1
2554,0
2555,1
2556,1
2557,0
2558,1
2559,0
2560,1
2561,0
2562,0
2563,0
2564,1
2565,1
2566,1
2567,1
2568,0
2569,1
2570,0
2571,1
2572,1
2573,0
2574,1
2575,1
2576,1
2577,1
2578,1
2579,0
2580,0
2581,1
2582,1
2583,1
2584,1
2585,1
2586,1
2587,1
2588,0
2589,1
2590,0
2591,0
2592,0
2593,1
2595,1
2596,0
2597,1
2598,0
2599,1
2600,1
2601,1
2602,0
2603,1
2604,0
2605,1
2606,0
2607,1
2608,1
2609,1
2610,1
2611,1
2612,1
2613,1
2614,1
2615,1
2616,1
2617,1
2618,0
2619,0
2620,1
2621,1
2622,1
2623,0
2624,1
2625,0
2626,0
2627,0
2628,1
2629,1
2630,1
2631,1
2632,1
2633,1
2634,0
2635,0
2636,1
2637,0
2638,1
2639,1
2640,0
2641,1
2642,1
2643,1
2644,0
2645,1
2646,1
2647,1
2648,0
2649,1
2650,0
2651,1
2652,1
2653,1
2654,0
2655,1
2656,0
2657,1
2658,1
2659,0
2660,0
2661,1
2663,1
2664,1
2665,1
2666,0
2667,1
2668,1
2669,0
2670,0
2671,0
2672,1
2673,1
2674,1
2675,1
2676,1
2677,0
2678,1
2679,1
2680,0
2681,1
2682,1
2683,1
2684,1
2685,1
2686,1
2687,1
2688,0
2689,1
2690,1
2691,0
2692,1
2693,1
2694,1
2695,1
2696,1
2697,1
2698,1
2700,0
2701,1
2702,0
2703,0
2704,1
2705,1
2706,1
2707,1
2708,0
2709,0
2711,1
2712,1
2713,0
2714,1
2715,0
2716,1
2717,1
2718,0
2719,1
2720,0
2721,1
2722,0
2723,1
2725,1
2726,1
2727,0
2728,1
2729,0
2730,1
2731,0
2732,0
2733,1
2734,0
2735,0
2736,0
2737,1
2738,1
2739,1
2741,1
2742,0
2743,1
2744,0
2745,1
2746,0
2747,1
2748,0
2749,1
2750,0
2751,0
2752,1
2753,0
2754,1
2755,1
2757,1
2758,1
2759,0
2760,1
2761,1
2762,1
2763,1
2764,0
2765,1
2766,0
2767,1
2768,1
2769,1
2770,0
2771,1
2772,0
2773,0
2774,1
2775,0
2776,1
2777,1
2778,1
2779,0
2780,0
2781,1
2782,1
2783,1
2784,1
2785,0
2786,0
2787,1
2788,1
2789,1
2790,1
2791,1
2792,1
2793,1
2794,1
2795,1
2796,1
2797,0
2798,1
2799,1
2800,1
2801,0
2802,1
2803,1
2804,0
2805,1
2806,1
2807,1
2808,0
2809,1
2810,1
2811,0
2812,0
2813,1
2814,1
2815,1
2816,0
2817,1
2818,1
2819,1
2820,1
2821,1
2823,1
2824,0
2825,0
2826,1
2827,0
2828,1
2829,1
2830,1
2831,1
2832,1
2833,0
2834,1
2835,0
2836,1
2837,0
2838,1
2839,0
2840,1
2841,0
2842,0
2843,0
2844,0
2845,1
2846,0
2847,1
2848,0
2849,1
2850,1
2851,0
2852,0
2853,1
2854,0
2855,1
2856,1
2857,1
2858,1
2859,1
2860,0
2861,1
2862,1
2863,1
2864,1
2865,0
2866,0
2867,1
2869,1
2870,1
2871,1
2872,0
2873,0
2874,1
2876,0
2877,1
2878,1
2879,0
2880,0
2881,1
2882,0
2883,1
2884,1
2885,0
2886,0
2887,0
2888,0
2889,1
2890,0
2891,1
2892,1
2893,1
2894,0
2895,0
2896,1
2897,0
2898,1
2899,0
2900,1
2901,1
2902,1
2903,1
2904,0
2905,1
2906,1
2907,0
2908,0
2909,1
2910,1
2911,1
2912,0
2913,1
2914,0
2915,0
2916,1
2917,1
2918,1
2919,1
2920,1
2921,1
2922,0
2923,0
2925,0
2926,0
2927,1
2928,0
2929,1
2930,0
2931,0
2932,1
2933,0
2934,1
2935,0
2936,1
2937,1
2938,1
2939,1
2940,0
2941,1
2942,1
2944,1
2945,1
2946,0
2947,0
2948,1
2949,1
2950,1
2951,0
2952,0
2953,1
2954,0
2955,0
2956,1
2957,1
2958,0
2959,1
2960,1
2961,0
2962,0
2963,1
2964,1
2965,0
2966,0
2967,1
2969,0
2970,1
2971,0
2972,1
2973,1
2974,1
2975,1
2976,1
2977,0
2978,1
2979,0
2980,1
2981,0
2982,1
2983,1
2984,1
2985,0
2986,1
2987,1
2988,0
2989,1
2990,0
2991,1
2992,0
2993,1
2994,1
2995,0
2996,1
2997,0
2998,1
2999,1
3000,0
3001,1
3002,0
3003,1
3004,1
3005,0
3006,1
3007,1
3008,1
3009,1
3010,1
3011,1
3012,0
3013,1
3014,1
3015,0
3016,1
3017,0
3018,0
3019,1
3020,1
3021,0
3022,1
3023,0
3024,0
3025,0
3026,1
3027,1
3028,0
3029,1
3030,1
3031,1
3032,0
3033,1
3034,1
3036,1
3037,0
3038,1
3039,1
3040,1
3041,1
3042,0
3043,0
3044,1
3045,0
3047,0
3048,1
3049,1
3050,1
3051,0
3052,0
3053,1
3054,1
3055,0
3056,1
3057,1
3058,0
3059,1
3060,1
3061,1
3062,0
3063,1
3064,0
3065,1
3066,1
3067,0
3068,0
3069,1
3070,1
3071,0
3072,1
3073,1
3075,0
3077,1
3078,1
3079,1
3080,1
3081,1
3082,1
3083,1
3084,0
3085,1
3086,1
3087,0
3088,1
3089,1
3090,1
3091,1
3092,0
3093,1
3094,1
3095,0
3096,0
3097,1
3098,1
3099,0
3100,1
3101,1
3102,0
3103,1
3104,1
3105,1
3106,0
3107,1
3108,0
3109,1
3110,1
3111,1
3112,0
3113,1
3114,1
3115,1
3116,1
3117,0
3118,1
3119,1
3120,1
3121,0
3122,1
3123,1
3124,0
3125,1
3126,1
3127,1
3128,1
3129,1
3130,1
3131,0
3132,1
3133,1
3134,1
3135,1
3136,0
3137,1
3138,0
3139,1
3140,1
3141,1
3142,1
3143,1
3144,0
3145,1
3146,0
3147,1
3148,1
3149,0
3150,1
3151,0
3152,1
3153,1
3154,0
3155,1
3156,1
3157,1
3158,0
3159,1
3160,0
3161,0
3162,1
3163,1
3164,0
3165,1
3166,0
3167,1
3168,0
3169,1
3170,1
3171,0
3172,1
3173,1
3174,1
3175,1
3176,1
3178,0
3179,1
3180,0
3181,1
3182,0
3183,1
3184,1
3185,0
3186,1
3187,1
3188,0
3189,1
3190,1
3191,1
3192,1
3193,1
3194,0
3195,1
3196,1
3197,1
3198,1
3200,1
3201,1
3202,1
3203,0
3204,1
3205,1
3206,1
3207,0
3208,1
3209,1
3210,0
3211,1
3212,1
3213,1
3214,1
3215,0
3216,0
3217,1
3218,0
3219,0
3220,1
3221,0
3222,0
3223,1
3224,1
3225,1
3226,1
3227,0
3228,1
3229,1
3230,1
3231,1
3232,0
3233,1
3234,1
3235,0
3236,0
3237,1
3238,0
3239,1
3240,0
3241,0
3242,1
3243,1
3244,0
3245,1
3246,1
3247,1
3248,1
3250,1
3251,1
3252,1
3253,1
3254,1
3255,1
3256,1
3257,1
3258,0
3259,1
3260,1
3262,1
3263,0
3264,1
3265,1
3266,1
3267,1
3268,0
3269,1
3270,0
3271,1
3272,0
3273,1
3274,0
3275,1
3276,0
3277,1
3278,0
3279,1
3280,1
3281,1
3282,1
3283,1
3284,1
3286,1
3287,0
3288,1
3289,0
3290,0
3291,0
3292,0
3293,1
3294,1
3295,0
3296,1
3297,1
3298,0
3299,0
3300,1
3301,1
3302,0
3303,0
3304,1
3305,1
3306,1
3307,1
3308,1
3309,0
3310,1
3311,1
3312,0
3313,0
3314,1
3315,0
3316,1
3317,1
3318,0
3319,1
3320,0
3321,1
3322,1
3323,1
3324,0
3325,1
3326,1
3327,0
3328,1
3329,1
3330,1
3331,0
3332,0
3335,0
3336,1
3337,1
3338,1
3339,1
3340,1
3341,1
3342,1
3344,1
3345,1
3346,1
3347,0
3349,1
3350,1
3351,1
3352,0
3353,0
3354,1
3356,1
3357,1
3358,1
3359,1
3360,0
3361,1
3362,1
3363,0
3364,1
3365,1
3366,0
3367,1
3368,0
3369,1
3370,1
3371,1
3372,0
3373,1
3374,1
3375,1
3376,1
3377,1
3378,0
3379,1
3380,1
3381,0
3382,1
3383,0
3385,1
3386,0
3387,0
3388,0
3389,0
3390,0
3391,1
3392,1
3393,1
3394,1
3395,1
3396,1
3397,0
3398,0
3399,1
3400,0
3401,1
3402,1
3403,0
3404,1
3405,1
3406,1
3407,1
3408,1
3409,1
3410,0
3412,0
3413,1
3414,1
3415,0
3416,1
3417,0
3418,1
3419,1
3420,1
3421,0
3422,0
3423,1
3424,0
3425,0
3426,1
3427,0
3428,1
3429,0
3431,1
3432,1
3433,0
3434,0
3435,0
3436,1
3437,0
3438,1
3439,1
3440,0
3441,1
3442,0
3443,0
3444,0
3445,1
3446,1
3447,0
3448,1
3449,0
3450,0
3451,1
3452,0
3453,1
3454,0
3455,1
3456,1
3457,0
3458,0
3459,0
3460,1
3461,0
3462,1
3464,1
3465,1
3466,1
3467,1
3468,1
3469,0
3470,1
3471,1
3472,1
3473,1
3474,0
3475,0
3476,0
3477,1
3478,1
3479,1
3480,1
3481,1
3482,1
3483,1
3484,0
3485,1
3486,1
3488,1
3489,1
3490,1
3491,1
3492,0
3493,1
3494,1
3495,0
3496,1
3497,1
3498,1
3499,1
3500,1
3501,0
3502,1
3503,1
3504,1
3505,1
3506,1
3507,0
3508,1
3509,1
3510,1
3511,1
3512,1
3514,1
3515,0
3516,0
3517,1
3518,0
3519,1
3520,1
3521,1
3522,1
3523,1
3524,1
3525,1
3526,1
3527,1
3528,1
3529,0
3530,0
3531,1
3532,0
3533,1
3534,1
3535,1
3536,1
3538,0
3539,0
3540,0
3541,0
3542,1
3543,1
3544,0
3545,1
3546,0
3547,0
3548,0
3549,0
3550,1
3551,0
3552,0
3553,0
3554,1
3555,0
3556,0
3557,1
3558,1
3559,1
3560,0
3561,1
3562,0
3563,0
3564,1
3565,1
3566,0
3567,0
3568,0
3569,1
3570,0
3572,1
3573,1
3574,1
3576,0
3577,1
3578,0
3579,0
3580,1
3581,0
3582,1
3583,1
3584,0
3585,1
3586,1
3587,1
3588,1
3590,0
3591,1
3594,0
3595,0
3596,1
3597,1
3598,1
3599,0
3600,1
3601,1
3602,0
3603,0
3604,1
3605,1
3606,0
3607,1
3608,1
3609,0
3610,1
3611,1
3612,1
3613,0
3614,1
3615,1
3616,1
3617,1
3618,0
3619,0
3620,1
3621,1
3622,0
3623,1
3624,0
3625,1
3626,1
3627,1
3628,0
3629,1
3630,1
3631,1
3632,0
3633,0
3634,1
3635,1
3636,1
3637,1
3638,0
3639,1
3640,1
3641,0
3642,1
3643,0
3644,1
3645,1
3646,0
3647,0
3648,1
3649,1
3650,0
3651,0
3653,1
3654,1
3655,1
3656,1
3657,0
3659,0
3660,0
3661,0
3662,0
3663,0
3664,0
3665,1
3666,0
3667,1
3668,0
3669,1
3670,0
3671,1
3672,1
3673,1
3674,0
3675,1
3676,0
3678,1
3679,1
3680,0
3681,1
3682,0
3683,1
3684,0
3685,0
3686,1
3687,0
3688,0
3689,1
3690,1
3691,1
3692,0
3693,1
3694,1
3695,1
3696,0
3697,1
3698,1
3699,1
3700,0
3701,0
3702,1
3703,1
3704,1
3705,1
3706,1
3707,1
3708,1
3709,1
3710,0
3711,1
3712,1
3713,0
3714,0
3715,1
3716,0
3717,1
3718,0
3719,1
3720,1
3721,0
3722,1
3723,0
3724,1
3725,0
3726,1
3727,1
3728,1
3730,1
3731,1
3732,1
3733,1
3734,1
3735,1
3736,0
3737,0
3738,1
3739,0
3740,0
3741,1
3742,1
3743,1
3744,0
3745,0
3746,1
3747,1
3748,1
3749,0
3750,0
3751,1
3752,0
3753,1
3754,0
3755,0
3756,1
3757,1
3758,0
3759,1
3760,1
3761,0
3762,1
3763,0
3764,1
3765,1
3766,1
3767,0
3768,1
3769,1
3770,1
3771,0
3772,1
3773,0
3774,0
3775,0
3776,1
3777,1
3778,0
3779,1
3780,1
3781,1
3782,0
3783,1
3784,1
3785,0
3786,1
3787,0
3788,1
3789,0
3790,1
3791,1
3792,0
3793,1
3794,1
3795,1
3796,1
3797,1
3798,1
3799,0
3800,1
3801,0
3802,1
3803,0
3804,1
3805,1
3806,0
3807,1
3808,1
3809,0
3810,0
3811,0
3812,1
3813,0
3814,1
3815,1
3816,0
3817,1
3818,1
3819,0
3820,1
3821,1
3822,0
3823,1
3824,0
3825,1
3826,1
3827,1
3828,0
3829,0
3830,1
3831,1
3832,1
3833,1
3834,0
3835,0
3836,0
3837,1
3838,0
3839,1
3840,0
3841,0
3842,1
3843,1
3844,0
3845,0
3846,1
3847,1
3848,0
3849,0
3850,0
3851,1
3852,1
3853,1
3855,1
3856,1
3857,1
3858,1
3859,1
3860,1
3861,0
3862,0
3863,1
3864,0
3865,0
3866,1
3867,0
3868,1
3869,1
3870,1
3872,0
3873,1
3874,0
3875,1
3876,1
3877,1
3878,0
3879,0
3880,1
3881,0
3882,1
3883,0
3884,0
3885,1
3886,1
3887,0
3888,1
3889,1
3890,0
3891,1
3892,1
3893,1
3894,1
3895,1
3896,0
3897,1
3898,0
3899,1
3900,0
3901,0
3903,1
3904,1
3905,1
3906,1
3907,1
3908,1
3910,0
3911,0
3912,0
3913,1
3914,1
3915,1
3916,1
3917,0
3918,1
3919,0
3920,1
3921,1
3922,1
3923,1
3924,0
3925,0
3926,1
3927,1
3929,1
3930,1
3931,1
3932,1
3933,0
3934,0
3935,1
3936,0
3937,1
3938,1
3939,0
3940,1
3941,1
3942,1
3943,0
3944,1
3945,1
3946,1
3947,1
3948,1
3949,0
3950,0
3951,1
3952,0
3953,1
3954,0
3955,1
3956,1
3957,1
3958,0
3959,0
3960,0
3961,1
3962,1
3964,0
3965,1
3966,1
3967,1
3968,1
3969,0
3970,0
3971,1
3972,0
3973,1
3974,0
3975,0
3976,1
3977,1
3978,0
3979,0
3980,1
3981,1
3982,1
3983,1
3984,1
3985,0
3986,1
3987,1
3988,1
3989,0
3990,1
3991,1
3992,1
3993,0
3994,1
3995,1
3996,1
3997,1
3998,1
4001,1
4002,0
4003,0
4004,1
4005,0
4006,0
4007,1
4008,1
4009,1
4010,1
4011,1
4012,1
4013,1
4014,1
4015,0
4016,1
4017,0
4018,0
4019,0
4020,1
4021,0
4022,1
4023,1
4024,0
4025,0
4027,1
4028,1
4029,1
4030,0
4031,1
4032,1
4033,1
4034,0
4035,1
4036,1
4037,0
4038,0
4040,1
4041,1
4042,1
4043,1
4044,0
4045,1
4046,0
4047,1
4048,1
4049,1
4050,0
4051,1
4052,1
4053,1
4054,1
4055,0
4057,1
4058,0
4059,1
4060,0
4061,0
4062,1
4063,1
4064,0
4065,1
4066,1
4067,1
4068,1
4069,1
4070,0
4071,0
4072,1
4073,0
4074,1
4075,0
4076,1
4077,0
4079,1
4080,0
4081,1
4082,0
4083,1
4084,1
4085,1
4086,0
4087,1
4088,1
4089,1
4090,0
4091,1
4092,1
4093,0
4094,1
4095,0
4097,0
4098,1
4099,1
4100,0
4101,1
4102,1
4103,1
4104,0
4105,0
4106,1
4107,1
4108,1
4109,1
4110,0
4111,1
4113,1
4114,1
4115,0
4116,1
4117,0
4118,0
4119,1
4120,1
4121,1
4122,1
4123,1
4124,1
4125,1
4126,1
4127,1
4128,1
4129,1
4130,1
4131,1
4132,1
4133,0
4134,1
4136,1
4137,1
4139,1
4140,1
4141,0
4142,1
4144,1
4145,1
4146,1
4147,0
4148,1
4149,1
4151,1
4152,1
4153,1
4154,0
4156,1
4157,0
4158,1
4159,1
4160,0
4161,0
4162,1
4163,1
4164,0
4166,0
4167,1
4168,1
4169,0
4170,0
4171,1
4173,0
4174,0
4175,1
4176,1
4177,0
4178,0
4179,1
4180,1
4181,1
4182,1
4183,1
4184,1
4185,1
4186,1
4187,0
4188,0
4189,1
4190,0
4192,1
4193,1
4194,0
4195,1
4196,0
4197,0
4200,1
4201,0
4202,1
4203,0
4204,1
4205,1
4206,0
4207,0
4208,1
4209,1
4210,1
4211,0
4212,1
4213,0
4214,1
4215,1
4217,1
4218,1
4219,1
4220,1
4221,1
4222,1
4223,1
4225,0
4226,1
4227,1
4228,0
4229,0
4230,1
4231,0
4232,1
4233,1
4234,1
4235,0
4236,0
4237,0
4238,1
4239,1
4241,0
4242,1
4243,0
4244,1
4245,1
4246,0
4247,1
4248,1
4249,1
4250,0
4251,1
4252,1
4253,1
4254,1
4255,1
4256,1
4257,1
4258,0
4259,1
4260,1
4261,1
4262,1
4264,0
4265,0
4266,1
4267,1
4268,0
4269,1
4270,0
4271,1
4272,1
4273,0
4274,1
4275,1
4276,1
4277,0
4278,0
4279,0
4280,0
4281,1
4282,1
4283,1
4284,1
4285,0
4286,1
4287,0
4288,0
4289,1
4290,0
4291,1
4292,1
4293,0
4294,1
4295,0
4296,1
4297,1
4298,0
4299,1
4300,1
4301,1
4302,1
4303,1
4304,1
4305,0
4306,0
4307,1
4308,1
4309,1
4310,1
4311,1
4312,0
4313,1
4314,1
4316,1
4317,1
4318,1
4319,1
4320,0
4321,1
4322,1
4323,0
4324,0
4325,1
4326,1
4327,0
4328,1
4329,0
4330,1
4331,1
4332,1
4333,1
4334,1
4335,1
4336,0
4337,1
4338,1
4339,1
4340,0
4341,0
4342,0
4343,1
4344,1
4345,0
4346,1
4347,1
4348,1
4349,1
4350,1
4351,1
4352,1
4353,0
4354,1
4355,0
4356,1
4357,1
4358,1
4359,1
4360,1
4361,1
4362,0
4363,1
4364,0
4365,1
4366,0
4367,1
4368,1
4369,1
4370,0
4371,1
4372,0
4373,0
4374,0
4375,0
4376,1
4377,1
4378,0
4379,1
4380,1
4381,1
4382,1
4383,1
4384,1
4385,0
4386,1
4387,1
4388,1
4389,0
4391,1
4392,0
4393,0
4394,1
4395,1
4396,0
4397,1
4398,1
4401,1
4402,0
4403,0
4404,0
4405,0
4406,1
4407,1
4408,0
4409,1
4410,1
4411,1
4412,1
4413,0
4414,0
4415,1
4416,1
4417,1
4418,1
4419,1
4420,0
4421,1
4422,1
4423,0
4424,1
4425,0
4426,1
4427,0
4428,1
4429,1
4430,0
4431,1
4432,1
4433,0
4435,1
4436,0
4437,1
4438,0
4439,1
4440,0
4441,1
4442,0
4443,0
4444,1
4445,1
4446,0
4447,1
4448,1
4449,0
4450,1
4451,0
4452,0
4453,1
4454,0
4455,1
4456,1
4457,1
4458,1
4459,1
4460,1
4461,1
4462,1
4463,0
4464,0
4465,1
4466,1
4467,0
4468,1
4469,1
4470,1
4471,0
4472,1
4473,1
4474,0
4475,0
4476,0
4477,0
4478,1
4479,1
4480,1
4481,1
4482,0
4483,1
4484,1
4485,1
4486,1
4487,0
4488,1
4489,0
4490,0
4491,1
4492,1
4493,1
4494,0
4495,1
4496,1
4497,0
4498,1
4499,1
4500,1
4501,0
4502,1
4503,1
4504,1
4505,1
4507,1
4508,1
4509,0
4510,1
4511,0
4512,1
4513,0
4514,1
4515,0
4516,0
4517,1
4518,1
4519,1
4520,0
4521,1
4522,0
4523,0
4524,1
4525,1
4527,0
4528,1
4529,0
4530,0
4531,1
4532,1
4533,1
4534,0
4535,1
4536,0
4537,1
4538,0
4539,1
4540,0
4541,1
4542,0
4543,1
4544,1
4545,0
4546,0
4547,1
4548,0
4549,0
4550,1
4551,0
4552,0
4553,1
4554,1
4555,0
4556,1
4557,1
4558,1
4559,1
4560,1
4561,1
4562,0
4563,1
4564,1
4565,1
4566,0
4567,0
4568,1
4569,1
4570,1
4571,1
4573,1
4574,1
4575,1
4577,1
4578,0
4579,0
4580,1
4581,1
4582,1
4583,1
4584,1
4585,0
4586,1
4587,1
4588,0
4589,1
4590,0
4591,1
4592,0
4593,1
4594,0
4595,1
4596,1
4597,0
4598,1
4599,0
4600,1
4602,1
4603,1
4604,1
4605,1
4606,1
4608,0
4609,0
4610,1
4611,1
4612,0
4613,1
4614,1
4615,1
4616,1
4617,1
4618,1
4619,0
4620,0
4621,1
4622,0
4623,0
4624,1
4625,0
4626,1
4627,1
4628,1
4629,1
4631,1
4632,0
4633,1
4637,1
4638,1
4639,0
4640,1
4641,0
4642,1
4643,1
4644,0
4645,1
4646,1
4647,1
4648,1
4649,1
4650,1
4651,1
4652,0
4653,1
4654,0
4655,1
4656,1
4657,1
4658,1
4660,0
4661,1
4662,0
4663,1
4664,1
4665,1
4666,0
4667,0
4668,1
4669,0
4670,1
4671,1
4672,1
4673,1
4674,0
4675,1
4676,0
4677,0
4678,1
4679,1
4680,1
4681,1
4682,0
4683,1
4684,1
4686,0
4687,1
4688,1
4689,0
4690,1
4691,1
4693,1
4694,1
4695,0
4696,1
4697,0
4698,0
4699,1
4700,0
4701,0
4702,1
4703,0
4704,0
4705,1
4706,1
4707,0
4708,0
4709,1
4710,1
4711,1
4712,0
4713,1
4714,1
4715,0
4716,0
4717,0
4718,0
4719,1
4720,0
4721,1
4722,0
4723,1
4724,1
4725,1
4726,0
4727,1
4728,1
4730,1
4731,1
4732,0
4733,1
4734,0
4735,1
4736,1
4737,0
4738,1
4739,1
4740,1
4741,0
4742,1
4743,1
4744,0
4745,1
4746,0
4747,1
4748,1
4749,1
4750,1
4751,0
4752,0
4753,1
4754,1
4755,0
4756,1
4757,0
4758,1
4759,0
4760,1
4761,0
4762,1
4763,0
4764,1
4765,1
4766,1
4767,1
4768,1
4769,1
4770,1
4771,1
4772,1
4773,0
4774,0
4775,0
4776,1
4777,0
4778,1
4779,0
4780,1
4781,1
4782,1
4783,1
4784,1
4785,1
4786,0
4787,1
4788,0
4789,1
4790,0
4791,1
4792,1
4793,1
4794,1
4795,1
4796,0
4797,1
4799,0
4800,1
4801,0
4802,0
4803,1
4804,1
4805,1
4807,1
4808,0
4809,1
4810,1
4811,1
4812,0
4813,1
4814,0
4815,1
4816,1
4817,1
4818,0
4819,1
4820,1
4821,1
4822,0
4823,1
4825,1
4826,1
4827,1
4828,0
4829,0
4830,1
4831,1
4832,0
4833,0
4834,0
4835,1
4836,1
4839,1
4840,1
4841,0
4842,0
4843,1
4844,0
4845,1
4846,1
4847,1
4848,0
4849,1
4850,1
4851,1
4852,1
4853,0
4854,1
4855,0
4857,0
4858,1
4860,1
4862,1
4863,1
4864,1
4865,1
4866,1
4867,1
4868,0
4869,1
4870,1
4871,0
4872,0
4873,1
4875,0
4876,0
4877,0
4878,1
4879,1
4880,0
4881,1
4882,0
4883,1
4884,1
4885,0
4886,1
4887,0
4888,1
4889,0
4890,0
4891,1
4892,1
4893,1
4894,0
4895,1
4896,1
4897,1
4899,0
4900,0
4901,1
4902,0
4903,0
4904,1
4905,1
4906,1
4907,0
4908,0
4909,1
4910,1
4911,0
4912,1
4913,1
4915,1
4916,1
4917,1
4918,0
4919,1
4920,1
4921,1
4922,0
4923,1
4924,1
4925,1
4926,1
4927,0
4928,1
4929,0
4930,1
4931,1
4932,1
4933,0
4936,1
4937,0
4939,1
4940,0
4941,1
4942,0
4943,1
4945,1
4946,0
4947,1
4948,1
4949,0
4950,1
4951,0
4952,1
4953,1
4955,1
4956,1
4957,0
4958,1
4959,1
4960,1
4961,1
4962,0
4963,1
4965,1
4966,1
4967,1
4968,1
4969,0
4980,1
4981,1
4982,1
4983,1
4984,1
4985,0
4987,0
4988,1
4990,0
4991,0
4992,0
4993,1
4994,1
4995,1
4996,1
4997,1
4998,1
4999,1
5000,1
5001,1
5002,0
5003,1
5004,1
5005,1
5006,1
5007,0
5008,1
5009,1
5010,1
5012,0
5013,1
5014,0
5015,1
5016,0
5017,0
5018,0
5019,1
5020,0
5021,1
5022,0
5024,0
5025,1
5026,0
5027,1
5028,0
5029,1
5031,0
5032,0
5033,1
5034,1
5035,1
5036,0
5037,1
5038,0
5039,1
5040,0
5041,1
5042,0
5043,1
5044,1
5045,0
5046,0
5047,1
5048,0
5049,1
5050,1
5051,1
5052,1
5053,0
5054,1
5055,1
5056,1
5057,0
5058,0
5059,1
5060,0
5061,0
5062,1
5063,1
5064,1
5065,1
5066,1
5068,0
5069,1
5070,1
5071,1
5072,0
5073,0
5074,0
5075,1
5076,1
5077,1
5079,0
5081,1
5082,1
5083,0
5084,1
5085,1
5086,1
5088,1
5089,0
5090,1
5092,1
5093,1
5094,0
5095,0
5096,1
5097,1
5098,0
5099,1
5100,1
5101,0
5102,0
5103,1
5104,0
5105,0
5106,1
5107,0
5108,0
5109,1
5110,0
5111,0
5112,1
5113,1
5118,1
5119,0
5120,0
5122,0
5123,1
5124,0
5125,1
5126,0
5127,0
5128,1
5129,0
5130,1
5131,0
5132,1
5133,1
5134,1
5135,1
5136,1
5137,0
5138,1
5139,0
5140,1
5142,1
5143,1
5144,0
5145,1
5146,1
5147,1
5148,1
5149,0
5150,1
5151,1
5152,1
5153,0
5154,1
5155,1
5156,1
5157,1
5158,0
5159,0
5160,1
5162,1
5165,1
5167,1
5168,0
5170,0
5171,0
5172,1
5173,1
5174,0
5175,1
5176,0
5177,1
5182,1
5183,1
5184,0
5185,0
5186,1
5187,0
5188,0
5189,0
5190,0
5191,1
5192,1
5193,1
5194,1
5195,0
5198,0
5199,1
5200,1
5201,1
5203,1
5204,0
5205,1
5206,1
5207,0
5208,1
5209,0
5210,1
5211,1
5212,1
5213,0
5214,1
5215,0
5216,1
5217,1
5218,0
5219,1
5220,1
5221,1
5222,1
5223,0
5224,1
5226,1
5227,0
5228,0
5229,1
5230,1
5231,1
5232,0
5233,1
5234,0
5235,0
5236,1
5237,1
5239,1
5240,0
5241,1
5242,1
5243,1
5244,1
5245,1
5246,0
5247,1
5248,1
5249,1
5250,1
5251,1
5252,0
5253,1
5254,1
5255,0
5256,1
5257,1
5258,1
5259,1
5260,0
5261,1
5262,0
5263,0
5266,0
5267,1
5268,1
5270,1
5271,1
5272,1
5273,0
5274,1
5278,1
5279,1
5280,1
5284,1
5285,0
5286,1
5287,1
5288,1
5289,0
5290,0
5291,1
5292,1
5293,0
5294,1
5295,1
5296,1
5297,1
5298,1
5299,1
5300,1
5301,1
5302,1
5303,1
5304,1
5305,0
5307,1
5308,0
5309,1
5310,1
5311,1
5312,1
5313,1
5315,1
5316,1
5317,1
5318,1
5319,1
5320,1
5322,0
5323,0
5324,1
5325,1
5326,0
5327,0
5328,1
5329,1
5330,0
5331,0
5332,1
5333,1
5334,0
5335,1
5336,1
5337,1
5338,0
5340,1
5341,0
5342,0
5343,0
5345,1
5346,0
5347,1
5348,1
5349,1
5350,1
5351,1
5352,0
5353,1
5354,1
5355,0
5356,1
5357,1
5358,0
5359,1
5361,0
5365,0
5366,0
5367,1
5368,0
5369,1
5370,1
5371,1
5372,1
5373,0
5374,0
5375,0
5376,1
5377,1
5378,0
5379,1
5380,0
5381,1
5383,1
5384,1
5385,0
5386,1
5388,1
5389,0
5390,0
5391,1
5392,0
5393,1
5394,0
5395,1
5396,0
5397,1
5398,0
5401,0
5402,1
5403,0
5405,1
5406,0
5407,0
5408,0
5409,0
5410,1
5411,1
5413,0
5414,0
5415,0
5417,0
5418,1
5419,1
5420,0
5422,1
5423,1
5424,0
5425,0
5427,1
5428,0
5429,1
5430,1
5431,1
5432,1
5434,1
5435,1
5436,1
5437,1
5438,0
5439,1
5440,0
5441,1
5442,1
5443,1
5444,1
5445,0
5446,0
5447,1
5448,1
5449,0
5451,0
5452,0
5454,1
5455,0
5456,1
5457,0
5458,1
5459,0
5460,1
5461,1
5462,1
5463,0
5464,1
5465,1
5466,1
5467,1
5468,1
5469,0
5470,0
5471,1
5472,0
5473,0
5474,1
5475,1
5476,0
5477,1
5478,1
5479,0
5480,0
5481,1
5482,0
5483,1
5484,1
5485,0
5486,1
5487,0
5488,0
5489,0
5513,0
5514,1
5515,0
5516,1
5517,1
5519,1
5520,1
5521,1
5523,0
5524,1
5525,0
5526,0
5527,0
5528,1
5529,0
5530,1
5531,1
5532,1
5533,0
5534,0
5535,0
5536,1
5537,1
5538,0
5539,0
5540,1
5541,1
5542,1
5543,1
5544,0
5545,1
5546,1
5547,1
5548,0
5549,0
5550,1
5551,0
5552,0
5553,1
5554,1
5555,1
5556,0
5557,0
5558,1
5559,1
5560,1
5561,0
5562,1
5563,0
5564,1
5565,0
5566,0
5567,1
5568,1
5569,0
5570,1
5571,0
5572,1
5573,1
5574,0
5575,0
5576,1
5577,0
5578,0
5579,0
5580,1
5581,0
5582,1
5583,0
5584,1
5585,1
5586,1
5587,0
5588,1
5589,1
5591,1
5592,1
5593,1
5594,0
5596,0
5597,1
5598,1
5599,1
5600,0
5601,1
5602,0
5603,1
5604,1
5605,1
5606,0
5607,1
5608,0
5609,0
5610,1
5611,1
5612,0
5613,1
5614,1
5615,1
5616,1
5618,0
5619,1
5621,1
5622,1
5623,1
5624,0
5625,1
5626,1
5628,1
5629,1
5630,0
5631,0
5632,0
5633,1
5634,0
5635,1
5636,1
5637,0
5638,0
5639,0
5640,1
5641,0
5642,0
5643,0
5644,0
5645,0
5646,1
5647,0
5648,1
5649,1
5650,0
5651,1
5652,0
5653,0
5654,0
5655,1
5656,0
5657,0
5658,1
5659,1
5660,0
5661,1
5662,1
5663,0
5664,1
5665,1
5666,0
5667,1
5670,1
5671,1
5672,0
5673,0
5674,0
5675,1
5676,0
5677,1
5678,0
5679,0
5680,1
5681,0
5682,1
5683,1
5684,1
5685,0
5686,1
5687,0
5688,0
5689,0
5690,0
5691,1
5692,0
5693,0
5694,0
5695,1
5696,0
5697,0
5698,1
5699,1
5700,1
5701,1
5702,1
5703,0
5705,0
5706,1
5707,1
5708,0
5710,1
5711,1
5712,1
5713,0
5714,1
5715,1
5716,0
5717,0
5718,0
5719,1
5720,1
5721,1
5722,1
5724,0
5725,1
5726,0
5727,1
5728,0
5729,1
5730,1
5731,0
5732,0
5733,1
5734,0
5735,1
5736,0
5737,1
5738,0
5739,1
5740,1
5741,1
5742,0
5743,0
5744,1
5745,1
5748,0
5749,1
5751,1
5752,1
5753,0
5754,1
5755,1
5757,0
5758,1
5759,1
5760,1
5762,1
5763,1
5764,1
5765,1
5766,1
5767,1
5768,1
5770,1
5771,1
5772,1
5773,0
5774,1
5776,1
5777,0
5778,0
5779,1
5780,1
5781,0
5782,0
5783,1
5784,1
5785,1
5786,0
5787,1
5788,0
5789,1
5790,0
5791,1
5792,1
5793,1
5794,0
5795,1
5796,1
5798,1
5799,1
5800,1
5801,1
5802,1
5803,0
5804,0
5805,1
5806,1
5807,0
5808,0
5809,1
5810,1
5811,1
5812,1
5813,0
5814,1
5815,1
5816,1
5817,1
5818,1
5819,0
5820,1
5821,1
5822,1
5823,0
5824,1
5825,0
5826,1
5827,0
5828,0
5829,0
5830,1
5832,1
5833,1
5834,0
5835,1
5846,1
5847,1
5848,0
5849,1
5850,0
5851,1
5852,1
5853,0
5854,1
5855,0
5856,1
5857,0
5858,1
5859,1
5860,0
5861,1
5862,1
5863,1
5864,1
5865,0
5866,1
5867,0
5868,1
5870,0
5871,0
5872,1
5873,0
5874,1
5875,1
5876,0
5877,1
5878,1
5879,0
5880,1
5881,1
5883,1
5884,1
5885,0
5886,1
5890,1
5891,1
5892,0
5893,0
5894,1
5895,0
5896,1
5897,1
5898,1
5899,1
5900,0
5901,0
5902,0
5904,1
5905,0
5906,1
5907,1
5908,0
5909,1
5910,1
5911,1
5912,1
5913,1
5914,0
5915,1
5916,1
5917,1
5918,0
5919,1
5920,1
5921,0
5922,1
5923,1
5925,0
5926,1
5927,1
5928,1
5929,1
5930,0
5931,0
5932,0
5933,1
5934,1
5935,1
5938,1
5939,1
5940,1
5942,1
5943,1
5945,1
5946,1
5947,1
5948,1
5949,1
5951,1
5952,0
5953,0
5954,1
5955,1
5956,0
5957,1
5959,0
5960,0
5961,1
5962,0
5963,0
5964,1
5965,0
5966,1
5967,1
5968,0
5969,1
5970,1
5971,1
5972,1
5973,0
5974,1
5975,0
5976,0
5977,1
5978,0
5979,1
5980,0
5981,1
5982,1
5984,1
5985,0
5986,0
5987,1
5988,0
5989,1
5990,1
5991,1
5992,1
5993,1
5994,1
5995,1
5996,1
5997,0
5998,1
5999,1
6000,0
6001,0
6002,0
6003,1
6004,0
6005,1
6006,0
6007,0
6008,1
6009,0
6011,1
6012,0
6014,1
6015,1
6016,0
6018,1
6019,0
6020,1
6021,0
6022,1
6023,0
6024,1
6025,1
6026,0
6027,1
6028,1
6029,1
6030,1
6032,1
6033,0
6034,0
6035,1
6036,1
6038,1
6039,1
6040,1
6041,0
6042,0
6043,0
6044,1
6045,1
6046,1
6047,1
6048,1
6049,1
6051,0
6052,1
6053,1
6054,0
6055,0
6056,0
6059,1
6060,0
6061,1
6062,0
6063,1
6064,1
6065,1
6066,1
6067,1
6068,1
6069,0
6070,1
6071,0
6072,0
6073,1
6074,0
6075,1
6076,0
6077,1
6078,0
6079,1
6080,0
6081,0
6082,1
6083,1
6084,1
6085,0
6086,1
6087,1
6088,0
6089,0
6090,1
6091,1
6092,0
6093,0
6094,0
6095,1
6096,1
6097,1
6098,0
6099,1
6100,1
6101,1
6102,0
6103,0
6104,0
6105,1
6106,1
6107,0
6108,0
6109,0
6110,1
6111,1
6112,1
6113,1
6114,0
6115,1
6116,1
6117,1
6118,1
6119,0
6120,1
6121,1
6122,0
6123,0
6124,0
6125,1
6126,0
6127,1
6128,0
6129,1
6130,1
6131,0
6132,1
6133,0
6134,1
6135,1
6136,1
6138,1
6139,1
6140,0
6141,1
6142,1
6143,1
6144,1
6145,1
6146,0
6149,1
6150,0
6151,0
6152,1
6153,0
6154,1
6155,1
6157,0
6158,0
6159,1
6160,0
6161,1
6162,1
6167,1
6169,1
6170,1
6171,1
6172,1
6173,1
6174,1
6175,0
6176,0
6177,1
6178,1
6179,1
6180,0
6181,0
6182,1
6183,0
6184,1
6185,0
6186,1
6187,1
6189,1
6190,1
6191,0
6192,1
6193,0
6194,1
6195,0
6197,1
6199,1
6200,1
6201,1
6203,1
6204,0
6208,1
6209,0
6210,1
6211,1
6212,0
6213,1
6214,1
6215,1
6216,1
6217,0
6218,0
6219,1
6220,1
6221,1
6222,0
6223,0
6224,0
6225,1
6226,1
6227,0
6228,0
6229,0
6230,1
6231,1
6232,1
6233,1
6234,1
6236,1
6237,1
6238,0
6239,1
6240,0
6241,1
6242,0
6243,1
6244,1
6245,0
6247,0
6248,1
6249,0
6250,1
6251,0
6252,1
6253,1
6254,1
6255,0
6257,0
6258,1
6259,0
6260,0
6261,1
6262,1
6263,0
6264,0
6265,1
6266,1
6267,0
6268,1
6269,0
6271,0
6272,1
6273,1
6284,0
6285,0
6286,0
6287,1
6288,0
6289,0
6290,1
6291,1
6292,0
6293,0
6294,0
6295,1
6297,1
6298,1
6299,0
6300,1
6302,0
6303,1
6304,0
6305,1
6306,0
6307,1
6308,0
6309,0
6310,1
6311,1
6314,0
6315,0
6316,1
6317,0
6318,0
6319,1
6320,0
6321,1
6322,0
6323,0
6324,1
6325,0
6326,0
6327,0
6328,1
6329,1
6331,1
6332,0
6333,0
6334,1
6335,0
6338,0
6339,1
6340,0
6341,1
6342,0
6343,1
6344,1
6345,1
6346,0
6347,1
6350,0
6351,1
6352,0
6353,0
6354,1
6355,1
6356,0
6358,1
6359,1
6360,1
6363,1
6364,1
6365,1
6366,1
6367,1
6368,1
6369,0
6370,1
6371,1
6372,0
6373,1
6374,1
6375,1
6376,1
6377,0
6378,1
6379,1
6380,0
6381,1
6382,1
6383,0
6384,1
6385,0
6386,0
6387,1
6388,1
6389,1
6390,0
6391,1
6392,1
6393,0
6394,1
6395,1
6396,0
6397,1
6398,1
6399,1
6400,1
6401,0
6402,1
6403,1
6404,0
6405,1
6407,0
6408,1
6409,1
6410,0
6411,1
6412,1
6413,0
6414,0
6415,1
6416,1
6417,1
6418,1
6419,1
6420,1
6421,1
6422,1
6423,0
6424,1
6425,0
6426,1
6427,1
6428,1
6429,1
6430,1
6431,1
6432,1
6433,1
6434,1
6435,1
6436,0
6437,1
6438,1
6439,1
6441,1
6442,0
6443,0
6444,1
6445,1
6446,1
6447,1
6448,1
6449,0
6450,1
6451,0
6452,1
6453,1
6454,0
6455,1
6456,1
6457,1
6458,1
6459,1
6460,0
6461,1
6462,1
6463,0
6464,1
6465,0
6467,1
6468,1
6469,0
6470,1
6471,1
6472,1
6473,1
6474,1
6475,1
6476,1
6477,0
6478,1
6479,1
6480,1
6481,1
6482,1
6483,1
6484,1
6485,1
6486,0
6487,1
6488,0
6489,0
6490,1
6491,1
6493,0
6494,1
6496,1
6497,0
6498,0
6499,1
6500,1
6501,0
6502,1
6503,0
6504,1
6506,1
6507,0
6508,1
6509,0
6510,1
6511,1
6512,0
6513,1
6514,0
6515,0
6516,1
6517,0
6518,1
6519,0
6520,1
6521,0
6522,1
6524,1
6525,1
6526,0
6527,1
6528,1
6529,0
6530,0
6531,1
6532,1
6533,0
6536,1
6537,0
6538,0
6539,0
6540,1
6541,1
6542,0
6543,1
6544,1
6545,1
6546,0
6547,1
6548,0
6549,1
6551,0
6552,1
6553,0
6554,1
6555,1
6556,1
6557,1
6558,1
6559,1
6560,1
6561,0
6562,1
6563,0
6564,1
6565,0
6566,0
6567,1
6568,0
6569,1
6570,1
6571,0
6572,0
6573,1
6574,1
6575,0
6576,0
6577,1
6578,1
6579,1
6580,0
6581,1
6582,0
6583,0
6584,0
6585,1
6586,1
6587,0
6588,0
6589,1
6590,1
6591,0
6592,1
6593,0
6594,1
6595,0
6596,0
6597,1
6598,1
6599,1
6600,1
6601,1
6602,1
6603,1
6604,1
6605,0
6606,0
6607,1
6609,1
6611,1
6612,0
6614,0
6615,1
6616,1
6617,1
6618,1
6620,1
6621,1
6622,1
6625,1
6626,1
6627,1
6628,0
6629,1
6630,1
6632,0
6633,1
6636,0
6637,1
6638,1
6639,0
6640,0
6641,1
6642,0
6643,1
6645,1
6650,1
6651,1
6652,0
6653,1
6654,0
6655,1
6656,1
6657,1
6658,1
6659,0
6660,1
6661,1
6662,1
6663,0
6664,0
6665,0
6666,1
6667,1
6668,1
6669,1
6670,1
6673,1
6674,1
6675,1
6676,0
6677,1
6678,0
6682,1
6683,1
6684,0
6685,1
6686,0
6687,1
6688,1
6689,0
6690,0
6691,1
6692,1
6693,1
6694,1
6695,1
6696,1
6697,1
6698,0
6701,1
6702,0
6703,1
6704,1
6705,0
6706,1
6707,1
6708,1
6709,1
6710,0
6711,1
6712,0
6713,1
6714,0
6716,1
6717,1
6718,0
6719,1
6720,1
6721,1
6722,1
6723,1
6724,1
6725,0
6726,1
6727,0
6728,1
6729,1
6730,0
6731,0
6732,1
6733,1
6734,1
6735,0
6736,1
6738,1
6740,1
6741,0
6742,1
6743,1
6745,1
6746,1
6747,1
6748,0
6749,0
6751,1
6752,0
6753,1
6754,1
6755,0
6756,1
6757,1
6758,1
6759,0
6760,0
6761,1
6762,0
6765,0
6766,0
6769,0
6770,0
6772,1
6773,1
6774,0
6777,1
6778,1
6779,0
6780,0
6781,1
6782,0
6783,0
6784,1
6785,1
6786,1
6787,1
6788,1
6789,1
6790,0
6791,0
6792,1
6793,1
6794,0
6795,1
6796,1
6798,0
6799,0
6800,1
6801,0
6802,1
6803,1
6804,1
6805,1
6806,0
6807,1
6808,0
6809,1
6810,1
6811,0
6815,1
6816,1
6817,0
6818,1
6819,1
6820,1
6821,1
6822,1
6824,0
6825,1
6826,1
6828,1
6829,0
6830,1
6831,1
6832,0
6833,0
6834,1
6836,0
6837,1
6847,1
6848,0
6849,1
6850,0
6851,1
6852,0
6853,1
6854,0
6855,1
6857,1
6858,0
6860,1
6862,1
6863,1
6864,1
6865,1
6866,1
6867,0
6869,0
6870,0
6871,1
6873,1
6874,1
6878,1
6879,0
6880,1
6881,1
6882,1
6883,0
6884,1
6885,1
6886,1
6887,0
6888,0
6889,1
6890,1
6891,0
6892,1
6893,1
6894,1
6897,1
6898,1
6899,0
6900,0
6901,1
6902,1
6903,0
6904,1
6905,0
6906,1
6907,1
6908,0
6909,0
6910,1
6911,0
6912,1
6913,0
6914,1
6915,0
6916,1
6917,0
6918,0
6919,1
6920,0
6921,1
6922,1
6923,1
6924,1
6926,1
6927,0
6928,1
6930,1
6931,1
6932,0
6933,1
6934,1
6935,1
6936,0
6947,0
6948,0
6949,1
6950,1
6951,1
6952,1
6953,1
6954,0
6955,1
6956,1
6957,0
6958,0
6959,1
6960,0
6961,1
6964,1
6965,1
6967,1
6968,1
6969,1
6970,1
6971,1
6972,1
6973,1
6974,1
6975,0
6976,0
6978,1
6979,0
6980,1
6983,0
6984,1
6985,1
6987,1
6988,1
6989,1
6990,0
6991,1
6992,0
6993,1
6994,1
6995,0
6996,0
6997,1
6998,1
6999,0
7000,1
7001,1
7002,1
7003,1
7004,0
7005,1
7006,1
7007,1
7008,1
7010,0
7012,1
7013,1
7014,1
7015,1
7016,1
7017,1
7018,1
7019,0
7020,1
7021,1
7024,1
7025,0
7026,0
7027,1
7028,1
7029,1
7030,0
7031,1
7032,1
7033,1
7034,1
7035,0
7036,1
7037,1
7038,1
7039,0
7041,1
7042,0
7043,1
7044,0
7045,1
7046,1
7047,0
7048,1
7049,1
7050,1
7051,1
7052,1
7054,1
7055,0
7056,0
7057,0
7058,1
7059,1
7060,1
7061,1
7062,1
7063,1
7064,1
7065,1
7066,0
7067,1
7068,1
7069,1
7070,1
7071,1
7072,0
7073,0
7074,0
7075,0
7077,1
7078,0
7079,1
7080,1
7081,1
7082,0
7083,1
7084,1
7085,0
7086,1
7087,1
7088,0
7089,1
7090,1
7091,1
7092,1
7094,1
7095,0
7096,0
7097,1
7098,1
7099,1
7100,1
7101,1
7102,0
7103,1
7104,1
7106,1
7107,0
7108,1
7109,0
7110,1
7111,0
7112,1
7113,1
7114,1
7115,1
7116,0
7117,1
7118,0
7119,1
7120,1
7121,0
7123,0
7124,1
7125,1
7126,1
7127,0
7128,1
7130,0
7131,0
7132,1
7133,1
7134,1
7135,0
7136,1
7137,1
7138,0
7139,1
7140,0
7141,0
7142,1
7143,1
7144,1
7145,1
7146,1
7147,1
7148,0
7150,1
7151,0
7152,1
7153,1
7154,0
7156,1
7157,1
7159,1
7160,1
7161,1
7162,0
7163,1
7164,1
7165,1
7166,0
7167,1
7168,1
7170,1
7171,1
7172,0
7173,0
7174,1
7175,1
7176,1
7177,1
7178,0
7179,1
7180,0
7181,1
7182,0
7183,1
7184,1
7185,0
7186,1
7187,1
7188,1
7189,0
7190,0
7191,1
7192,1
7193,0
7194,1
7195,0
7196,0
7197,0
7199,0
7200,1
7201,0
7202,1
7203,0
7204,1
7206,1
7207,1
7208,0
7209,0
7210,0
7211,0
7212,1
7213,0
7214,1
7216,1
7217,1
7218,1
7220,1
7221,1
7222,0
7223,1
7224,0
7225,1
7226,1
7227,1
7228,1
7230,1
7231,0
7232,0
7233,1
7234,1
7235,1
7236,0
7237,0
7238,1
7239,1
7241,0
7242,1
7244,1
7246,1
7247,1
7248,1
7249,1
7250,1
7251,1
7252,0
7253,1
7254,1
7255,0
7256,1
7257,0
7258,1
7259,0
7260,0
7261,1
7262,1
7263,0
7264,1
7266,0
7267,1
7268,1
7269,1
7270,1
7271,0
7272,1
7273,0
7274,1
7275,0
7276,0
7277,0
7278,1
7279,0
7280,1
7282,0
7283,1
7284,0
7285,0
7286,1
7287,0
7288,1
7289,1
7290,1
7292,1
7293,1
7294,1
7295,1
7296,1
7297,1
7298,1
7299,1
7301,0
7302,1
7303,0
7304,0
7305,1
7307,0
7309,1
7315,1
7316,1
7317,1
7318,0
7319,0
7320,0
7321,0
7322,1
7323,0
7325,1
7326,0
7327,0
7328,0
7329,1
7330,0
7331,0
7332,1
7333,0
7334,0
7335,0
7336,1
7337,1
7338,1
7341,1
7342,1
7343,0
7344,0
7345,1
7346,1
7347,0
7348,1
7349,0
7350,1
7351,0
7352,1
7354,0
7355,1
7356,0
7357,0
7358,1
7359,1
7360,0
7362,0
7363,0
7364,1
7366,0
7367,0
7368,1
7369,1
7370,0
7371,0
7372,1
7373,0
7374,1
7375,0
7376,1
7377,1
7378,1
7379,0
7380,0
7381,1
7383,0
7384,1
7385,1
7386,0
7388,0
7389,1
7390,0
7391,1
7392,1
7393,0
7394,1
7396,1
7397,1
7398,0
7399,1
7400,0
7401,1
7403,1
7404,1
7405,1
7406,1
7407,0
7408,1
7409,1
7410,0
7411,1
7412,1
7413,0
7414,1
7415,1
7416,1
7417,1
7418,1
7419,1
7421,1
7422,0
7423,1
7424,1
7425,1
7426,1
7427,0
7428,1
7429,0
7430,1
7431,1
7432,0
7433,0
7434,1
7435,0
7436,1
7437,1
7438,0
7439,1
7440,1
7442,1
7443,0
7444,1
7445,0
7446,0
7447,1
7448,1
7449,1
7450,0
7451,0
7452,0
7453,1
7454,1
7455,1
7456,1
7457,0
7458,0
7459,1
7460,1
7461,0
7462,0
7463,1
7464,1
7465,0
7466,0
7467,0
7468,0
7469,1
7470,0
7471,1
7472,1
7473,0
7474,1
7475,0
7476,1
7477,1
7478,1
7479,1
7480,1
7481,1
7482,0
7483,0
7484,1
7485,1
7486,0
7487,1
7489,0
7490,1
7491,1
7492,1
7493,1
7494,1
7495,1
7496,0
7497,1
7498,0
7500,1
7502,1
7503,0
7504,1
7505,1
7506,1
7507,1
7508,1
7509,0
7510,0
7511,1
7512,0
7513,0
7514,1
7515,1
7516,1
7517,0
7518,0
7519,0
7520,1
7521,0
7522,1
7523,1
7524,0
7525,1
7526,1
7527,1
7528,0
7529,1
7530,0
7531,1
7533,0
7534,1
7535,0
7536,0
7537,1
7538,1
7539,1
7540,0
7541,1
7542,1
7543,0
7544,0
7545,1
7546,0
7547,1
7548,0
7549,1
7550,0
7551,1
7552,1
7553,1
7554,1
7555,0
7556,1
7557,1
7558,1
7559,0
7560,1
7561,1
7562,0
7563,1
7564,0
7565,0
7566,1
7567,1
7568,1
7569,0
7570,1
7571,1
7572,1
7573,1
7574,1
7575,0
7576,0
7577,0
7578,1
7579,1
7580,0
7581,1
7582,1
7583,1
7584,1
7585,0
7587,0
7590,1
7591,1
7592,0
7593,1
7594,0
7595,1
7596,1
7597,1
7600,0
7601,1
7602,0
7603,1
7604,1
7605,0
7606,1
7608,1
7609,1
7610,0
7611,1
7612,1
7613,0
7614,1
7615,0
7616,1
7617,0
7618,0
7619,1
7620,1
7621,1
7622,0
7623,1
7624,0
7625,1
7626,1
7627,1
7628,0
7629,1
7631,1
7632,1
7633,1
7634,0
7635,1
7636,1
7638,1
7639,1
7640,0
7641,1
7642,1
7643,1
7644,0
7645,1
7646,1
7647,1
7648,1
7649,0
7650,1
7651,1
7652,1
7653,1
7654,0
7655,1
7656,1
7657,1
7658,1
7659,0
7660,1
7663,0
7664,1
7665,0
7667,1
7668,1
7669,1
7670,1
7671,1
7672,1
7673,1
7674,0
7675,1
7676,1
7677,1
7678,1
7684,0
7685,1
7686,1
7687,1
7688,1
7689,1
7690,0
7691,0
7692,1
7693,1
7694,0
7695,1
7696,1
7697,1
7698,1
7699,1
7700,1
7701,0
7702,1
7703,1
7704,1
7705,1
7706,1
7707,0
7708,1
7709,1
7710,0
7711,1
7712,1
7713,1
7714,1
7715,0
7716,1
7717,0
7718,1
7719,0
7720,0
7722,1
7723,1
7724,1
7725,0
7726,0
7727,1
7728,1
7729,1
7730,0
7731,0
7732,0
7733,1
7734,0
7735,1
7736,1
7737,1
7738,1
7739,1
7740,0
7741,0
7742,1
7743,0
7744,1
7745,0
7746,1
7747,1
7748,1
7750,0
7751,0
7752,1
7753,1
7754,1
7755,0
7756,0
7757,1
7758,1
7759,1
7760,1
7761,1
7762,1
7763,1
7764,1
7765,1
7766,1
7767,0
7768,1
7769,0
7770,0
7771,0
7772,1
7773,1
7774,1
7775,0
7776,0
7777,0
7778,0
7779,1
7780,1
7781,1
7782,1
7783,1
7784,0
7785,0
7786,1
7787,1
7788,0
7789,1
7790,1
7791,0
7792,0
7793,1
7795,1
7797,0
7798,1
7799,0
7801,1
7802,1
7803,1
7804,0
7805,0
7806,1
7807,1
7808,1
7809,1
7810,0
7811,1
7813,1
7815,0
7816,1
7817,1
7818,0
7819,1
7820,1
7821,1
7822,0
7824,1
7825,0
7826,1
7827,0
7828,1
7829,1
7830,0
7831,1
7832,1
7834,0
7835,1
7836,1
7837,0
7838,0
7839,1
7840,1
7841,1
7842,1
7843,1
7844,0
7845,0
7846,0
7849,1
7850,0
7851,0
7852,1
7853,0
7854,1
7855,0
7856,1
7858,1
7859,1
7860,0
7861,1
7862,0
7863,0
7864,0
7865,1
7866,0
7867,1
7871,0
7872,1
7873,1
7874,0
7876,1
7877,1
7878,1
7879,1
7881,1
7882,1
7883,1
7884,1
7885,1
7886,0
7887,1
7888,1
7889,0
7890,1
7891,1
7892,1
7893,0
7894,0
7895,1
7898,1
7899,1
7900,0
7901,0
7902,1
7903,1
7904,0
7905,1
7906,1
7907,1
7908,0
7909,0
7910,1
7911,1
7912,1
7913,1
7914,0
7915,1
7916,0
7917,1
7918,1
7920,1
7922,1
7923,0
7924,0
7925,1
7926,0
7927,0
7928,0
7929,1
7930,0
7931,1
7935,0
7936,1
7937,1
7938,1
7940,1
7941,1
7942,1
7943,1
7944,1
7945,1
7947,1
7948,1
7949,1
7951,0
7952,1
7954,1
7955,1
7956,1
7957,1
7958,1
7959,1
7960,1
7961,1
7962,1
7963,1
7964,0
7965,1
7966,0
7967,1
7969,1
7970,1
7971,1
7972,1
7973,0
7974,1
7975,0
7976,1
7977,0
7978,1
7979,1
7980,0
7981,1
7982,0
7983,1
7985,1
7986,0
7987,1
7988,1
7989,0
7990,1
7991,1
7992,0
7993,1
7994,1
7995,0
7996,1
7997,1
7998,0
7999,1
8000,1
8001,1
8002,1
8003,1
8004,1
8005,1
8006,1
8007,1
8008,0
8011,0
8014,1
8015,1
8016,1
8022,1
8023,1
8024,1
8025,0
8026,0
8027,0
8028,1
8029,0
8030,1
8032,0
8033,1
8034,1
8035,1
8036,1
8037,1
8038,0
8039,1
8040,1
8041,1
8042,1
8043,0
8044,0
8045,0
8046,0
8047,1
8048,0
8049,1
8051,1
8052,1
8053,0
8054,0
8055,1
8075,0
8077,1
8078,0
8079,1
8080,1
8081,1
8082,1
8083,1
8084,0
8085,1
8086,0
8087,0
8088,1
8089,1
8090,0
8091,1
8092,0
8093,1
8094,1
8095,0
8097,1
8098,0
8099,1
8101,1
8102,0
8103,0
8104,1
8105,0
8106,1
8107,1
8109,1
8110,1
8111,1
8112,1
8114,1
8115,1
8116,1
8117,0
8118,1
8119,1
8120,0
8122,0
8123,0
8124,1
8125,0
8126,1
8127,0
8128,1
8129,1
8130,1
8131,1
8132,0
8133,1
8134,0
8135,1
8136,1
8137,1
8138,0
8139,1
8140,1
8141,1
8143,0
8144,0
8145,1
8146,0
8147,0
8148,0
8149,0
8150,1
8151,1
8152,0
8153,1
8154,1
8155,0
8156,1
8157,1
8158,1
8159,0
8160,0
8161,1
8162,1
8163,1
8165,1
8167,1
8170,1
8171,1
8172,1
8173,1
8174,0
8180,0
8181,1
8182,0
8183,0
8184,1
8185,0
8186,1
8188,1
8189,0
8191,1
8192,0
8193,0
8194,1
8195,0
8196,1
8197,0
8198,0
8199,1
8200,1
8201,1
8202,0
8203,0
8204,1
8205,0
8206,1
8207,1
8208,0
8209,1
8210,1
8211,1
8212,1
8213,0
8214,1
8215,0
8216,0
8217,0
8218,1
8219,1
8220,0
8221,0
8222,1
8223,0
8224,1
8225,1
8226,0
8227,1
8228,1
8229,1
8230,0
8231,1
8232,0
8233,1
8234,1
8235,1
8236,0
8237,1
8238,0
8239,1
8241,0
8242,0
8243,0
8244,1
8245,1
8246,0
8247,1
8248,0
8249,1
8250,1
8251,1
8252,0
8253,1
8254,0
8255,1
8256,0
8257,0
8258,0
8259,1
8260,1
8261,0
8262,1
8263,0
8264,0
8265,0
8266,0
8267,1
8268,1
8269,0
8270,1
8271,1
8273,0
8276,0
8277,1
8278,0
8279,1
8280,1
8281,0
8282,1
8283,1
8284,1
8285,0
8286,1
8287,1
8288,0
8289,0
8290,0
8291,0
8292,0
8293,1
8294,0
8295,1
8296,1
8297,0
8298,1
8300,1
8301,0
8302,0
8303,1
8304,1
8305,1
8306,1
8307,0
8308,1
8309,1
8310,0
8312,1
8313,1
8314,1
8315,0
8316,1
8317,1
8319,1
8320,1
8321,0
8322,1
8323,0
8324,1
8325,1
8328,0
8329,0
8330,1
8332,1
8333,1
8334,1
8335,0
8336,1
8337,1
8338,1
8339,1
8340,1
8341,1
8342,0
8343,1
8344,0
8345,0
8346,1
8347,1
8349,0
8353,0
8354,0
8355,1
8356,1
8357,1
8358,0
8359,1
8360,1
8361,1
8362,0
8363,1
8364,1
8365,1
8366,1
8367,1
8368,1
8369,1
8370,0
8371,1
8372,0
8373,0
8374,1
8376,0
8377,1
8378,0
8379,1
8381,1
8382,1
8383,1
8384,1
8385,1
8387,1
8388,1
8389,1
8390,0
8391,1
8392,1
8393,0
8394,1
8395,1
8396,1
8397,0
8398,1
8399,1
8400,0
8401,1
8402,0
8403,1
8404,0
8405,1
8406,1
8407,1
8408,0
8425,1
8426,0
8427,1
8428,1
8429,1
8430,0
8431,0
8433,1
8434,1
8435,0
8436,1
8437,0
8438,1
8439,1
8440,0
8441,0
8442,1
8443,1
8444,0
8445,1
8446,1
8447,1
8448,1
8449,0
8450,1
8453,1
8454,0
8456,1
8457,0
8458,1
8459,0
8460,1
8461,0
8462,1
8463,0
8464,1
8465,0
8466,0
8467,1
8469,1
8470,0
8471,1
8472,0
8473,1
8474,1
8475,1
8476,0
8477,1
8478,1
8479,1
8480,1
8481,0
8482,1
8483,1
8484,1
8485,1
8486,0
8488,1
8489,0
8490,0
8491,1
8492,0
8493,1
8494,1
8495,1
8496,0
8497,1
8498,0
8500,0
8501,1
8502,1
8503,0
8504,0
8505,1
8506,0
8507,0
8508,0
8509,0
8510,1
8511,0
8512,1
8513,0
8514,1
8516,1
8518,1
8519,1
8520,0
8521,1
8522,0
8523,1
8524,0
8525,1
8526,0
8527,1
8528,1
8529,0
8530,1
8531,0
8533,0
8534,1
8535,1
8536,0
8537,0
8538,0
8539,1
8540,1
8541,1
8542,0
8543,0
8544,1
8545,1
8546,1
8547,0
8548,1
8549,0
8550,1
8551,1
8552,1
8554,0
8555,1
8556,0
8557,1
8558,1
8559,0
8562,0
8563,1
8564,0
8588,1
8589,0
8590,0
8591,1
8592,1
8593,0
8594,1
8595,0
8596,1
8597,1
8598,1
8599,0
8600,1
8601,1
8602,1
8603,0
8604,1
8605,1
8606,1
8607,0
8608,1
8609,1
8610,0
8611,0
8612,1
8613,0
8614,1
8615,1
8616,0
8617,0
8618,1
8619,1
8620,0
8623,1
8624,0
8625,0
8626,0
8627,1
8628,1
8629,1
8630,0
8631,0
8632,1
8633,1
8634,1
8635,1
8636,1
8637,1
8638,1
8639,1
8640,1
8641,0
8642,1
8643,0
8644,1
8645,1
8646,1
8647,0
8648,1
8649,0
8650,1
8651,1
8652,1
8653,1
8655,0
8656,1
8657,0
8658,1
8659,0
8660,1
8661,1
8665,1
8666,0
8667,0
8668,1
8669,1
8670,1
8671,1
8672,1
8674,1
8675,0
8676,1
8677,1
8679,1
8680,1
8681,0
8682,1
8683,1
8684,0
8685,0
8686,0
8687,1
8688,1
8689,1
8690,1
8691,0
8692,0
8694,0
8695,1
8696,1
8697,1
8698,0
8699,1
8700,1
8701,1
8702,1
8703,1
8704,1
8705,1
8706,0
8707,0
8708,1
8709,1
8710,0
8711,0
8712,1
8713,0
8714,1
8715,1
8716,0
8717,0
8718,1
8719,0
8721,1
8722,0
8723,1
8724,1
8725,0
8726,0
8727,0
8728,0
8729,1
8730,1
8731,1
8732,0
8733,0
8734,1
8735,0
8736,1
8737,1
8738,1
8739,0
8740,0
8741,1
8744,1
8745,1
8746,0
8748,0
8749,1
8750,0
8751,1
8752,0
8753,0
8754,1
8755,1
8756,0
8757,1
8758,1
8760,1
8761,1
8762,1
8763,1
8764,0
8765,1
8766,0
8767,0
8768,0
8769,0
8770,0
8771,1
8772,1
8773,0
8775,1
8776,0
8777,1
8778,1
8779,1
8780,1
8781,0
8782,1
8784,1
8785,1
8786,0
8787,1
8788,1
8789,1
8790,1
8791,0
8792,1
8793,1
8794,1
8795,1
8796,1
8797,0
8798,1
8799,0
8800,1
8801,1
8802,0
8803,0
8804,1
8805,1
8807,1
8808,0
8809,1
8810,0
8811,1
8814,1
8815,0
8817,0
8818,0
8819,0
8820,1
8821,0
8822,1
8823,0
8824,1
8825,0
8826,0
8829,1
8830,1
8831,1
8832,1
8833,0
8834,1
8835,1
8836,1
8837,0
8838,1
8839,1
8840,0
8841,0
8842,1
8843,1
8847,1
8848,1
8849,1
8850,0
8851,0
8852,1
8853,0
8854,1
8855,0
8856,1
8858,1
8859,0
8860,0
8861,0
8862,1
8863,1
8865,1
8866,1
8867,1
8868,1
8870,1
8871,1
8872,1
8873,1
8874,1
8875,0
8876,1
8877,1
8878,0
8879,0
8880,0
8881,0
8882,1
8883,1
8884,1
8887,0
8888,1
8889,1
8890,1
8891,0
8901,1
8902,1
8903,1
8904,0
8905,0
8907,1
8909,1
8911,1
8912,0
8913,0
8914,1
8915,1
8916,0
8918,1
8919,1
8920,1
8921,1
8922,1
8923,0
8924,1
8927,0
8928,0
8929,1
8931,1
8932,1
8933,1
8934,1
8935,0
8936,0
8937,1
8938,0
8939,0
8940,1
8941,1
8942,0
8944,1
8945,1
8946,0
8947,0
8948,1
8949,1
8950,1
8956,1
8957,1
8958,0
8959,0
8960,1
8963,1
8965,1
8966,0
8968,0
8969,1
8970,1
8971,1
8972,1
8973,1
8974,0
8975,0
8976,0
8977,1
8978,1
8980,0
8981,1
8983,1
8984,1
8985,1
8986,0
8997,1
8998,1
8999,1
9000,1
9001,0
9004,0
9005,0
9006,1
9007,1
9008,0
9009,1
9010,1
9011,1
9012,1
9014,1
9015,0
9016,1
9017,1
9018,1
9019,0
9020,1
9022,1
9023,1
9024,0
9025,0
9026,1
9027,1
9028,0
9029,1
9030,0
9031,1
9032,0
9033,0
9034,1
9035,1
9036,1
9037,0
9038,1
9039,1
9040,1
9041,0
9042,0
9043,1
9044,1
9046,1
9047,0
9048,1
9049,1
9050,1
9051,1
9052,1
9053,1
9054,1
9055,1
9056,1
9057,1
9058,0
9059,1
9060,0
9061,0
9062,0
9063,1
9064,1
9065,0
9066,1
9067,1
9068,1
9069,1
9070,0
9072,1
9073,1
9074,1
9075,1
9076,1
9077,0
9078,1
9079,1
9080,1
9082,1
9083,1
9084,0
9085,1
9086,1
9087,0
9088,0
9089,0
9090,1
9091,1
9092,1
9093,1
9094,1
9095,1
9096,0
9097,0
9099,1
9100,1
9101,1
9102,1
9103,0
9105,1
9106,0
9107,1
9108,0
9110,1
9111,1
9112,0
9113,0
9114,1
9116,1
9117,1
9119,1
9120,1
9121,1
9122,0
9127,1
9128,1
9129,1
9130,1
9131,1
9132,1
9133,1
9134,1
9135,0
9136,1
9137,1
9138,1
9141,0
9156,1
9157,1
9158,1
9159,0
9160,1
9161,0
9162,1
9163,1
9164,0
9165,1
9166,1
9167,0
9168,1
9169,1
9170,1
